data;descricao;valor
2026-09-01;RECEBIMENTO PIX CLIENTE GAMA;-22831.62
2026-09-02;VENDA À VISTA LOJA CENTRO;-24367.70
2026-09-02;VENDA À VISTA LOJA CENTRO;10883.09
2026-09-02;VENDA À VISTA LOJA CENTRO;22695.08
2026-09-02;TRANSFERÊNCIA ENTRE CONTAS;-6322.31
2026-09-02;PAGAMENTO DE ALUGUEL;16360.13
2026-09-03;RECEBIMENTO CLIENTE BETA;6690.71
2026-09-04;PAGAMENTO FORNECEDOR ALFA;12641.08
2026-09-04;VENDA À VISTA LOJA CENTRO;24950.60
2026-09-04;TRANSFERÊNCIA ENTRE CONTAS;16570.96
2026-09-05;VENDA À VISTA LOJA CENTRO;5631.62
2026-09-05;PAGAMENTO FORNECEDOR ALFA;-5707.94
2026-09-05;TRANSFERÊNCIA ENTRE CONTAS;-12630.95
2026-09-05;RECEBIMENTO PIX CLIENTE GAMA;14723.25
2026-09-05;RECEBIMENTO PIX CLIENTE GAMA;9751.99
2026-09-06;PAGAMENTO FORNECEDOR ALFA;11735.86
2026-09-07;TARIFA DE MANUTENÇÃO;13694.80
2026-09-08;RECEBIMENTO PIX CLIENTE GAMA;4370.25
2026-09-08;RECEBIMENTO PIX CLIENTE GAMA;-11207.35
2026-09-08;VENDA À VISTA LOJA CENTRO;-20284.82
2026-09-08;TRANSFERÊNCIA ENTRE CONTAS;-6328.55
2026-09-08;TRANSFERÊNCIA ENTRE CONTAS;-4992.75
2026-09-09;PAGAMENTO FORNECEDOR ALFA;15851.28
2026-09-09;PAGAMENTO DE ALUGUEL;11710.19
